{"cameraMode":{"drawMode":0,"name":"Shaded","section":"Shading Mode"},"sceneLighting":false,"audioPlay":false,"sceneViewState":{"m_AlwaysRefresh":false,"showFog":true,"showSkybox":true,"showFlares":true,"showImageEffects":true,"showParticleSystems":true,"showVisualEffectGraphs":true,"m_FxEnabled":true},"in2DMode":false,"pivot":{"x":4.579521179199219,"y":0.5000002384185791,"z":5.330722808837891},"rotation":{"x":-0.18178357183933259,"y":0.38731634616851809,"z":-0.07819268107414246,"w":-0.9004696607589722},"size":5.2133965492248539,"orthographic":false}